subject,Morag_Negative,Morag_Positive,Struan_Negative,Struan_Positive,Morag_EP_Score,Struan_EP_Score,Overall_EP_Score
12,680.6315789473684,690.8888888888889,634.4117647058823,664.1,10.257309941520475,29.688235294117703,-19.430925352597228
14,548.8333333333334,507.7894736842105,549.2105263157895,523.95,-41.04385964912285,-25.260526315789434,-15.783333333333417
16,593.3333333333334,590,603.3,565.1578947368421,-3.3333333333333712,-38.14210526315787,34.8087719298245
19,661.95,592.2777777777778,645.3888888888889,661.1,-69.67222222222222,15.711111111111109,-85.38333333333333
28,651,696.8947368421053,691.5,622.8421052631579,45.89473684210532,-68.65789473684208,114.5526315789474
29,425,322,338,326,-103,-12,-91
39,568.7222222222222,648,571.375,601.2105263157895,79.27777777777783,29.83552631578948,49.44225146198835
45,658.2631578947369,577.2777777777778,638.25,623.0555555555555,-80.98538011695905,-15.194444444444457,-65.79093567251459
46,782.5555555555555,798.0666666666667,762.5833333333334,770.1333333333333,15.511111111111177,7.5499999999999545,7.961111111111222
47,504.1875,502.7,512.2105263157895,522.15,-1.4875000000000114,9.939473684210498,-11.426973684210509
48,610.55,628.1578947368421,623.7368421052631,653.55,17.607894736842127,29.813157894736833,-12.205263157894706
50,593.0526315789474,518.8333333333334,531.5263157894736,508.6111111111111,-74.21929824561403,-22.915204678362556,-51.30409356725147
51,703.7777777777778,710.5,726.1052631578947,737.6,6.722222222222172,11.49473684210534,-4.772514619883168
52,629.75,596.578947368421,636.5,584,-33.17105263157896,-52.5,19.32894736842104
56,398.1875,421.47058823529414,420.1578947368421,419.3529411764706,23.283088235294144,-0.804953560371473,24.088041795665617
57,633.65,556.1578947368421,701.3,528.85,-77.4921052631579,-172.44999999999993,94.95789473684204
62,644.4705882352941,580.2222222222222,629.2631578947369,594.55,-64.24836601307197,-34.71315789473692,-29.53520811833505
63,807.5,769.6666666666666,823.2222222222222,727.8181818181819,-37.83333333333337,-95.4040404040403,57.57070707070693
68,578.0526315789474,604.2777777777778,563.95,595.1111111111111,26.22514619883043,31.16111111111104,-4.93596491228061
70,640.6315789473684,628.2105263157895,628.95,627.15,-12.42105263157896,-1.8000000000000682,-10.621052631578891
72,707.4736842105264,690.2777777777778,569.3888888888889,649.65,-17.19590643274853,80.26111111111106,-97.45701754385959
73,670.1176470588235,585.1111111111111,635.7647058823529,620.85,-85.00653594771245,-14.914705882352905,-70.09183006535955
77,659.5,690.6470588235294,624.5294117647059,722,31.14705882352939,97.47058823529414,-66.32352941176475
78,571.6315789473684,511.7,547.15,504.95,-59.93157894736845,-42.19999999999999,-17.73157894736846
80,514.6,455.5263157894737,489.1111111111111,523.6666666666666,-59.073684210526324,34.55555555555554,-93.62923976608187
91,611.9,601.1,618.578947368421,603.5,-10.799999999999955,-15.07894736842104,4.278947368421086
93,745.0555555555555,660.3333333333334,753.5625,710.8,-84.72222222222217,-42.762500000000045,-41.959722222222126
94,469.15,500.7368421052632,452.35,495.9,31.5868421052632,43.549999999999955,-11.963157894736753
96,813.9285714285714,730.95,768.6,778.1666666666666,-82.9785714285714,9.566666666666606,-92.545238095238
97,556.8888888888889,542.2857142857143,577.625,526.6,-14.60317460317458,-51.02499999999998,36.4218253968254
99,616.2105263157895,668.3125,609.1764705882352,707.9333333333333,52.10197368421052,98.75686274509803,-46.65488906088751
100,689.4375,614.421052631579,680.5294117647059,601.5294117647059,-75.01644736842104,-79,3.9835526315789593
101,688.6315789473684,646.4,676.6315789473684,685.35,-42.23157894736846,8.718421052631584,-50.950000000000045
102,586.65,548.6,645,571.65,-38.049999999999955,-73.35000000000002,35.30000000000007
103,597,507.05,528.2941176470588,482,-89.94999999999999,-46.29411764705878,-43.655882352941205
104,628.6666666666666,676.3076923076923,693.8888888888889,582.0909090909091,47.641025641025635,-111.79797979797979,159.43900543900543
107,594,648.2,603,645.5263157894736,54.200000000000045,42.52631578947364,11.673684210526403
108,789.6666666666666,762.8461538461538,799.3846153846154,846.3333333333334,-26.820512820512818,46.94871794871801,-73.76923076923083
109,546,508.89473684210526,539.2,500.8888888888889,-37.10526315789474,-38.31111111111113,1.2058479532163915
110,657.2777777777778,625.3888888888889,603.7222222222222,612.1666666666666,-31.888888888888914,8.444444444444457,-40.33333333333337
111,717.125,689.05,747.3888888888889,705,-28.075000000000045,-42.388888888888914,14.313888888888869
114,589.1,580.95,613.2,585.5,-8.149999999999977,-27.700000000000045,19.550000000000068
115,531.7894736842105,532.3333333333334,514.7894736842105,461.89473684210526,0.5438596491228509,-52.89473684210526,53.43859649122811
116,603.15,521.8421052631579,594,513.6111111111111,-81.30789473684206,-80.38888888888891,-0.9190058479531444
118,515.2222222222222,515.15,531.1666666666666,539.5263157894736,-0.07222222222219443,8.359649122807014,-8.431871345029208
119,542.2,481.8,541.8235294117648,504.4,-60.400000000000034,-37.423529411764775,-22.97647058823526
120,648.6111111111111,649.35,666.25,641,0.7388888888889369,-25.25,25.988888888888937
123,570.7142857142857,519.5,560.9285714285714,547.1764705882352,-51.214285714285666,-13.752100840336198,-37.46218487394947
124,611.45,546.4705882352941,548.6315789473684,579.2105263157895,-64.9794117647059,30.57894736842104,-95.55835913312694
127,612.375,624.2307692307693,592.8,544.625,11.855769230769283,-48.174999999999955,60.03076923076924
128,662.578947368421,589.3684210526316,621.85,574.1176470588235,-73.21052631578948,-47.73235294117649,-25.478173374612993
129,600.2222222222222,589.45,590,608.2105263157895,-10.772222222222126,18.21052631578948,-28.982748538011606
132,528.5263157894736,585.4736842105264,545.1111111111111,561.2941176470588,56.947368421052715,16.183006535947698,40.76436188510502
134,676.0588235294117,677.95,721.6842105263158,720.15,1.8911764705883343,-1.53421052631586,3.4253869969041943
135,638.9473684210526,627.4,645.7777777777778,590.9473684210526,-11.547368421052624,-54.83040935672523,43.2830409356726
136,564.5555555555555,584.5263157894736,624.2941176470588,563.2777777777778,19.9707602339181,-61.016339869280955,80.98710010319905
141,609.7222222222222,582.1666666666666,606.15,630.75,-27.555555555555543,24.600000000000023,-52.155555555555566
148,488.45,499.8,549.1,533.9,11.350000000000023,-15.200000000000045,26.550000000000068
149,572.2,601.2631578947369,586,576.5555555555555,29.063157894736833,-9.444444444444457,38.50760233918129
150,640.6842105263158,677.05,677.05,590.55,36.36578947368412,-86.5,122.86578947368412
152,498.9,469.57894736842104,476.55555555555554,480.55,-29.321052631578937,3.9944444444444684,-33.315497076023405
154,542.05,533.3684210526316,553.7222222222222,502.6,-8.681578947368394,-51.12222222222215,42.440643274853755
159,585.25,519.4,575.75,500.1,-65.85000000000002,-75.64999999999998,9.799999999999955
161,610.625,551.8333333333334,605.9411764705883,514.8571428571429,-58.79166666666663,-91.0840336134454,32.29236694677877
163,542.3,567.85,577.2,585.4,25.550000000000068,8.199999999999932,17.350000000000136
166,571.3333333333334,512.6315789473684,572.9444444444445,548.3888888888889,-58.70175438596493,-24.555555555555543,-34.14619883040939
168,653.3157894736842,590.9444444444445,642.5,578.1111111111111,-62.371345029239706,-64.38888888888891,2.0175438596492086
169,481.5,497.5263157894737,497.2105263157895,516.9,16.0263157894737,19.689473684210498,-3.6631578947367984
171,664.5,619.5,731.8823529411765,665.3529411764706,-45,-66.52941176470586,21.529411764705856
173,586.5,554.8421052631579,598.35,583.8947368421053,-31.65789473684208,-14.455263157894706,-17.202631578947376
176,699.8947368421053,673.6666666666666,690.1764705882352,721.125,-26.22807017543869,30.948529411764753,-57.17659958720344
180,717.7647058823529,753.5,677.0714285714286,692.1666666666666,35.73529411764707,15.095238095238074,20.640056022409
184,560.2631578947369,522.95,564.2,498.3157894736842,-37.31315789473683,-65.88421052631583,28.571052631578993
186,577.421052631579,539.3,580.3684210526316,594.1,-38.121052631579005,13.731578947368462,-51.85263157894747
190,552.7368421052631,566.2222222222222,589.5,546.25,13.48538011695905,-43.25,56.73538011695905
191,511.88235294117646,537.7,532.4444444444445,564.7,25.81764705882358,32.25555555555559,-6.437908496732007
200,599.8947368421053,542.15,580.8421052631579,542.7894736842105,-57.74473684210534,-38.0526315789474,-19.69210526315794
205,715.578947368421,665.7058823529412,760.1764705882352,618.8823529411765,-49.873065015479824,-141.29411764705878,91.42105263157896
208,599.8947368421053,670.3,565.4,610.2777777777778,70.40526315789464,44.87777777777785,25.527485380116786
209,648.8421052631579,631,642.3684210526316,637.578947368421,-17.84210526315792,-4.78947368421052,-13.052631578947398
210,772.3125,753.6111111111111,713.5625,799.7647058823529,-18.701388888888914,86.20220588235293,-104.90359477124184
218,607,587.15,607.75,560.2777777777778,-19.850000000000023,-47.47222222222217,27.62222222222215
220,524.4285714285714,493.8,525.6666666666666,583.6875,-30.628571428571433,58.02083333333337,-88.6494047619048
221,566.0526315789474,593.35,560.0526315789474,556.3157894736842,27.297368421052624,-3.7368421052632357,31.03421052631586
223,571.7222222222222,610.6875,571.2105263157895,530.2777777777778,38.96527777777783,-40.93274853801165,79.89802631578948
234,483.94444444444446,472.45,515.3684210526316,515.8,-11.494444444444468,0.43157894736839353,-11.926023391812862
236,700.3571428571429,705.2352941176471,789.6666666666666,684.8125,4.878151260504183,-104.85416666666663,109.73231792717081
243,641.2352941176471,585.1764705882352,577.3684210526316,642.1578947368421,-56.058823529411825,64.78947368421052,-120.84829721362235
246,551.7777777777778,583.5263157894736,568.421052631579,567.8,31.748538011695814,-0.6210526315790048,32.36959064327482
248,739.3333333333334,725.5263157894736,740.6666666666666,711.7222222222222,-13.807017543859729,-28.944444444444457,15.137426900584728
249,586.5,506.6111111111111,557.7777777777778,538.9444444444445,-79.88888888888891,-18.83333333333337,-61.05555555555554
253,590.05,593.8,573,614.9,3.75,41.89999999999998,-38.14999999999998
254,571.35,569.7777777777778,526.9473684210526,574.65,-1.5722222222221944,47.702631578947376,-49.27485380116957
255,564.7,564.1176470588235,565.5555555555555,594.2631578947369,-0.5823529411765094,28.707602339181335,-29.289955280357844
257,592.3888888888889,580.1111111111111,594,635,-12.277777777777828,41,-53.27777777777783
258,565.1052631578947,623.3529411764706,558.7647058823529,658.3684210526316,58.247678018575925,99.60371517027863,-41.35603715170271
259,595.1052631578947,605.1666666666666,718,558.45,10.061403508771946,-159.54999999999995,169.6114035087719
260,572.4444444444445,681.2941176470588,578.05,592.5882352941177,108.84967320261433,14.538235294117726,94.3114379084966
262,521.45,467.3,511.4,498.4,-54.150000000000034,-13,-41.150000000000034
264,597.3,643.6111111111111,624.8947368421053,584.8947368421053,46.31111111111113,-40,86.31111111111113
269,579.5555555555555,562.05,552.4,614.2352941176471,-17.50555555555559,61.835294117647095,-79.34084967320268
274,466.6111111111111,433.42105263157896,452.95,449.3157894736842,-33.19005847953213,-3.634210526315769,-29.555847953216357
275,634.9285714285714,744.4,666.5,744.0833333333334,109.47142857142853,77.58333333333337,31.88809523809516
276,605.9444444444445,519.65,668.7894736842105,513.85,-86.29444444444448,-154.9394736842105,68.64502923976602
281,666.421052631579,672.1333333333333,689.7222222222222,697.75,5.712280701754366,8.027777777777828,-2.315497076023462
282,570.5,533.2,529.8947368421053,546.7,-37.299999999999955,16.80526315789473,-54.10526315789468
283,482.65,464.9,493.7368421052632,434.35,-17.75,-59.386842105263156,41.636842105263156
286,499.63157894736844,524.7222222222222,470.1578947368421,500.52941176470586,25.090643274853733,30.371517027863774,-5.280873753010042
287,573.35,581.421052631579,629.5882352941177,559.45,8.071052631578937,-70.13823529411764,78.20928792569657
288,502.8666666666667,512.3333333333334,504,516.1428571428571,9.466666666666697,12.14285714285711,-2.6761904761904134
293,661.5,655.0769230769231,673.6,630,-6.423076923076906,-43.60000000000002,37.17692307692312
304,735.6,766.1333333333333,776.6,721.2142857142857,30.533333333333303,-55.38571428571436,85.91904761904766
307,732.4,692,653.8235294117648,647.6842105263158,-40.39999999999998,-6.139318885448915,-34.26068111455106
308,684.5714285714286,597.4,647.375,687.4375,-87.17142857142858,40.0625,-127.23392857142858
311,547.65,483.5,489.75,498.15,-64.14999999999998,8.399999999999977,-72.54999999999995
313,670.3333333333334,679.8947368421053,727.5,599.9444444444445,9.561403508771946,-127.55555555555554,137.1169590643275
317,618.8888888888889,645.421052631579,594.4444444444445,590.6923076923077,26.532163742690045,-3.752136752136721,30.284300494826766
318,726.0526315789474,595.7222222222222,591.3,615.1578947368421,-130.33040935672523,23.857894736842127,-154.18830409356735
319,706,665.2142857142857,683.1538461538462,625.1,-40.785714285714334,-58.053846153846166,17.26813186813183
321,559.8,531.3333333333334,561.4736842105264,517.4,-28.466666666666583,-44.07368421052638,15.607017543859797
323,648.5263157894736,638.85,675.9473684210526,644.9,-9.67631578947362,-31.047368421052624,21.371052631579005
324,678,667.85,700.2222222222222,667.1052631578947,-10.149999999999977,-33.11695906432749,22.96695906432751
325,722.9375,609.25,603.4705882352941,600.5333333333333,-113.6875,-2.9372549019608414,-110.75024509803916
326,532,575.6,578.5263157894736,523.9,43.60000000000002,-54.626315789473665,98.22631578947369
331,641.0555555555555,589.0555555555555,720.3333333333334,599.4,-52,-120.9333333333334,68.9333333333334
335,752,781.0769230769231,712.1111111111111,787.5714285714286,29.076923076923094,75.46031746031747,-46.383394383394375
336,590.75,567.8421052631579,573.7894736842105,572.5555555555555,-22.90789473684208,-1.2339181286549774,-21.673976608187104
337,625.3157894736842,660.1052631578947,605.1333333333333,606.8947368421053,34.78947368421052,1.7614035087719913,33.02807017543853
338,603.2105263157895,586.3333333333334,567.7,553.75,-16.87719298245611,-13.950000000000045,-2.927192982456063
339,503.1764705882353,537.8947368421053,502.4736842105263,523.2222222222222,34.71826625387001,20.74853801169587,13.969728242174142
341,628,561.85,639.35,597.25,-66.14999999999998,-42.10000000000002,-24.049999999999955
343,676.2941176470588,634.2777777777778,674.5333333333333,578,-42.016339869280955,-96.5333333333333,54.51699346405235
345,687.1578947368421,669.421052631579,672.3,735.1666666666666,-17.736842105263122,62.866666666666674,-80.6035087719298
346,498.85,427.8,514.5,453.25,-71.05000000000001,-61.25,-9.800000000000011
349,546.45,593.2631578947369,578.3888888888889,609.45,46.81315789473683,31.06111111111113,15.752046783625701
350,614.2631578947369,593.3333333333334,667.1176470588235,570.05,-20.929824561403507,-97.06764705882358,76.13782249742007
354,508.36842105263156,466.7894736842105,538.9,485.95,-41.57894736842104,-52.94999999999999,11.371052631578948
357,526.8,502.8333333333333,533.1578947368421,518.25,-23.96666666666664,-14.907894736842081,-9.058771929824559
358,642.4736842105264,633,671.65,616.7058823529412,-9.473684210526358,-54.94411764705876,45.4704334365324
359,521.2105263157895,550.8947368421053,509,539.2105263157895,29.684210526315837,30.21052631578948,-0.5263157894736423
362,590.7777777777778,551.4736842105264,514.625,590.5294117647059,-39.30409356725147,75.90441176470586,-115.20850533195733
363,604.05,576.45,599.1666666666666,579.55,-27.59999999999991,-19.616666666666674,-7.983333333333235
368,626.5,558.6315789473684,639.4117647058823,593.9411764705883,-67.86842105263156,-45.47058823529403,-22.39783281733753
369,554.3529411764706,571.5294117647059,554.5333333333333,532.6470588235294,17.176470588235247,-21.88627450980391,39.06274509803916
372,810.5294117647059,696.6315789473684,720.3684210526316,698.5555555555555,-113.89783281733742,-21.812865497076018,-92.0849673202614
373,555.8333333333334,536.8333333333334,537.05,517.9473684210526,-19,-19.102631578947353,0.10263157894735286
374,700.6666666666666,588.0526315789474,638.1764705882352,655.6875,-112.61403508771923,17.511029411764753,-130.12506449948398
375,510.1111111111111,566.0555555555555,522.8947368421053,575.15,55.94444444444446,52.25526315789466,3.689181286549797
376,745.6,690.8823529411765,687.0555555555555,710.7894736842105,-54.71764705882356,23.733918128654977,-78.45156518747854
381,761.6666666666666,756.1111111111111,734.6923076923077,791.7777777777778,-5.555555555555543,57.08547008547009,-62.641025641025635
383,593.65,597.2222222222222,663.9444444444445,596.3529411764706,3.5722222222221944,-67.59150326797385,71.16372549019604
385,553.6315789473684,485.42105263157896,504.05263157894734,489.15,-68.21052631578948,-14.902631578947364,-53.307894736842115
388,576.2,575.75,594.2,583.7894736842105,-0.4500000000000455,-10.410526315789525,9.96052631578948
390,480.05263157894734,511.8,529.25,507.2,31.74736842105267,-22.05000000000001,53.79736842105268
391,652.6842105263158,693.7368421052631,649.7777777777778,657.05,41.052631578947285,7.272222222222126,33.78040935672516
393,695,712.1176470588235,691.1333333333333,724.8125,17.117647058823536,33.679166666666674,-16.561519607843138
394,577.7894736842105,550.55,557.35,577.6,-27.239473684210566,20.25,-47.489473684210566
395,527.65,508.45,531.85,480.75,-19.19999999999999,-51.10000000000002,31.900000000000034
399,590.8947368421053,535.85,601.8,543.5,-55.044736842105294,-58.299999999999955,3.2552631578946603
400,563.3684210526316,573.421052631579,578.5,596.4444444444445,10.052631578947398,17.944444444444457,-7.891812865497059
401,579,565.6842105263158,554.1111111111111,506.5263157894737,-13.315789473684163,-47.58479532163739,34.269005847953224
404,552.8,564.3333333333334,576.2105263157895,574.6842105263158,11.533333333333417,-1.5263157894736423,13.059649122807059
408,637.9411764705883,679.8823529411765,719.8947368421053,673.45,41.941176470588175,-46.44473684210527,88.38591331269345
409,607.7222222222222,572.1666666666666,563.35,573.6,-35.55555555555554,10.25,-45.80555555555554
417,616.6842105263158,628.2105263157895,579.55,589.8333333333334,11.526315789473642,10.283333333333417,1.2429824561402256
422,559.6111111111111,559.15,584.4736842105264,601.1,-0.4611111111111086,16.626315789473665,-17.087426900584774
423,484.2,611.0588235294117,541.15,485.3,126.85882352941172,-55.849999999999966,182.7088235294117
425,638.45,624.6470588235294,646.5,607.6842105263158,-13.802941176470654,-38.81578947368416,25.01284829721351
427,615.95,537.3,557.3157894736842,512.45,-78.65000000000009,-44.86578947368412,-33.784210526315974
428,596.0625,620.5294117647059,654,674.2352941176471,24.466911764705856,20.235294117647072,4.231617647058783
432,507,522.75,489.55555555555554,551.45,15.75,61.8944444444445,-46.1444444444445
433,740.65,650.6875,688.6875,648.3529411764706,-89.96249999999998,-40.33455882352939,-49.627941176470586
434,566.7368421052631,570.3684210526316,545.8947368421053,570.6842105263158,3.631578947368439,24.78947368421052,-21.15789473684208
436,504.6842105263158,517.6315789473684,559.2,516.4,12.947368421052659,-42.80000000000007,55.74736842105273
440,600.8333333333334,726.1875,679.8571428571429,680.9375,125.35416666666663,1.0803571428571104,124.27380952380952
441,688.0526315789474,632.25,724.7333333333333,662.6842105263158,-55.8026315789474,-62.04912280701751,6.246491228070113
443,573.35,601.65,555.421052631579,552.0526315789474,28.299999999999955,-3.368421052631561,31.668421052631516
444,555.1578947368421,559.7,572.65,539.8,4.542105263157964,-32.85000000000002,37.39210526315799
445,540.7894736842105,562.2941176470588,535.5,502.77777777777777,21.504643962848263,-32.72222222222223,54.22686618507049
449,633.5,634.7894736842105,672.15,636.05,1.2894736842105203,-36.10000000000002,37.38947368421054
451,547.2105263157895,603.6470588235294,600.3,563.85,56.43653250773991,-36.44999999999993,92.88653250773984
452,550.8,537.8,568.5,530.6111111111111,-13,-37.888888888888914,24.888888888888914
453,658.9473684210526,654.6428571428571,728.8888888888889,691.5555555555555,-4.304511278195491,-37.33333333333337,33.02882205513788
454,639.578947368421,666.3333333333334,663.6315789473684,645,26.75438596491233,-18.63157894736844,45.38596491228077
455,632.25,559,607.2105263157895,577.6842105263158,-73.25,-29.526315789473642,-43.72368421052636
456,565.5384615384615,566.6666666666666,563.1666666666666,561.6666666666666,1.1282051282050816,-1.5,2.6282051282050816
460,561.8823529411765,641.6842105263158,579.8333333333334,576.3529411764706,79.80185758513937,-3.480392156862763,83.28224974200214
461,485.45,500.72222222222223,427.8,499.6111111111111,15.27222222222224,71.81111111111107,-56.538888888888835
462,566.1,642,606.6153846153846,591.2941176470588,75.89999999999998,-15.321266968325858,91.22126696832584
463,644,607.8421052631579,624.578947368421,569.6111111111111,-36.15789473684208,-54.967836257309955,18.809941520467873
464,565.7222222222222,590.75,532.3888888888889,604.2777777777778,25.02777777777783,71.88888888888891,-46.861111111111086
466,616.9,638.3,563.8947368421053,624.2631578947369,21.399999999999977,60.36842105263156,-38.968421052631584
467,577.0833333333334,625.8125,602.9333333333333,600.5,48.72916666666663,-2.4333333333332803,51.16249999999991
470,635.95,651.4736842105264,596.1,667.6111111111111,15.523684210526312,71.51111111111106,-55.98742690058475
471,616.6315789473684,556.4,596.0625,616.2222222222222,-60.23157894736846,20.15972222222217,-80.39130116959063
473,673.875,628.75,713.2777777777778,662.2777777777778,-45.125,-51,5.875
478,688,702.55,621.4736842105264,615.75,14.549999999999955,-5.723684210526358,20.273684210526312
482,637.8125,635.1764705882352,638.9473684210526,626.0526315789474,-2.6360294117647527,-12.894736842105203,10.25870743034045
483,606.4,673.625,620.7,614.1176470588235,67.22500000000002,-6.582352941176509,73.80735294117653
484,575.6,566.9,538.5882352941177,535.4736842105264,-8.700000000000045,-3.114551083591323,-5.585448916408723
486,596.9375,678.5263157894736,600.8823529411765,651.6666666666666,81.58881578947364,50.784313725490165,30.804502063983477
487,648.5333333333333,554.7857142857143,597.3846153846154,612.9333333333333,-93.74761904761897,15.548717948717922,-109.29633699633689
498,536.8421052631579,519.9,572.9473684210526,532.1,-16.94210526315794,-40.84736842105258,23.905263157894638
499,698.5294117647059,717.6363636363636,713.9333333333333,678.3333333333334,19.10695187165777,-35.59999999999991,54.70695187165768
504,615.7368421052631,608.375,590.5,605.75,-7.361842105263122,15.25,-22.611842105263122
506,775.7058823529412,673.3529411764706,695,694.5294117647059,-102.35294117647061,-0.4705882352941444,-101.88235294117646
507,518.2,480.9,513.2105263157895,466.45,-37.30000000000007,-46.76052631578949,9.460526315789423
510,504.7894736842105,478.7,551,512.95,-26.08947368421053,-38.049999999999955,11.960526315789423
512,570.9411764705883,566.5625,532.9473684210526,567.5882352941177,-4.378676470588289,34.64086687306508,-39.01954334365337
514,586.45,636.8947368421053,611.4705882352941,648.8947368421053,50.44473684210527,37.42414860681117,13.020588235294099
515,540.9,540.8333333333334,545.1578947368421,508.35,-0.06666666666660603,-36.80789473684206,36.74122807017545
519,568.3684210526316,528.8421052631579,551.35,548.421052631579,-39.52631578947364,-2.9289473684210634,-36.59736842105258
520,604.2105263157895,561,552.3684210526316,556.6,-43.21052631578948,4.231578947368462,-47.44210526315794
522,616.6875,587.55,642.4375,599.55,-29.137500000000045,-42.887500000000045,13.75
523,511.625,531,533.8235294117648,474.8333333333333,19.375,-58.99019607843144,78.36519607843144
525,640.0555555555555,590.0625,567.8947368421053,628.8823529411765,-49.99305555555554,60.98761609907115,-110.98067165462669
527,544.3333333333334,550.25,521.3076923076923,520.5882352941177,5.916666666666629,-0.7194570135745835,6.636123680241212
528,607.35,471.89473684210526,617.5,538,-135.45526315789476,-79.5,-55.95526315789476
529,529.6923076923077,557.4285714285714,450.9230769230769,482,27.73626373626371,31.076923076923094,-3.3406593406593856
530,690.9375,662.8,735.1333333333333,711.625,-28.137500000000045,-23.508333333333326,-4.62916666666672
532,485.7,524.2631578947369,501.3,482.1666666666667,38.56315789473689,-19.133333333333326,57.696491228070215
537,532.1111111111111,572.2,583.3,577.9,40.08888888888896,-5.399999999999977,45.48888888888894
540,442.15,493.2105263157895,469.5,451.9,51.0605263157895,-17.600000000000023,68.66052631578953
551,619.5,537.2105263157895,608.05,544.15,-82.28947368421052,-63.89999999999998,-18.389473684210543
552,580.1578947368421,628.578947368421,594.5555555555555,646.0526315789474,48.42105263157896,51.497076023391855,-3.076023391812896
555,607.3333333333334,560.2631578947369,600.8333333333334,580.6,-47.07017543859649,-20.23333333333335,-26.836842105263145
558,616.05,643.75,658.35,613.85,27.700000000000045,-44.5,72.20000000000005
559,645.6315789473684,607.8333333333334,636.5625,617.5,-37.79824561403507,-19.0625,-18.735745614035068
560,630.4375,658.7222222222222,694.5294117647059,688.5714285714286,28.28472222222217,-5.9579831932773,34.24270541549947
561,574.25,553.85,558.2631578947369,537.25,-20.399999999999977,-21.013157894736878,0.6131578947369007
562,518.9473684210526,566.65,566.85,499.6111111111111,47.702631578947376,-67.23888888888894,114.94152046783631
563,527.25,450.94736842105266,468.1,521.65,-76.30263157894734,53.549999999999955,-129.8526315789473
564,607.6,557.5,633.421052631579,550.578947368421,-50.10000000000002,-82.84210526315792,32.742105263157896
567,606.3333333333334,632,637.1666666666666,592.3684210526316,25.66666666666663,-44.79824561403507,70.4649122807017
568,589.8947368421053,563.4,516.4,544,-26.49473684210534,27.600000000000023,-54.09473684210536
571,683.2222222222222,676.65,691.3888888888889,668.3684210526316,-6.572222222222194,-23.020467836257353,16.44824561403516
572,663.75,695.2352941176471,691.8888888888889,675.2,31.485294117647072,-16.68888888888887,48.17418300653594
574,482.6842105263158,553,513.5,551.05,70.31578947368422,37.549999999999955,32.765789473684265
580,666.7894736842105,622.8421052631579,652.7222222222222,638.25,-43.9473684210526,-14.472222222222172,-29.47514619883043
583,600.5294117647059,539,635.3888888888889,585.9411764705883,-61.529411764705856,-49.447712418300625,-12.08169934640523
586,725.0588235294117,720,709.2777777777778,732.3157894736842,-5.058823529411711,23.038011695906334,-28.096835225318046
588,568.6,579.6,550,565.5,11,15.5,-4.5
589,651.1578947368421,658.7,657.8333333333334,596.578947368421,7.542105263157964,-61.25438596491233,68.7964912280703
591,527.75,510.3,515.3,517.4736842105264,-17.44999999999999,2.173684210526403,-19.623684210526392
594,631.75,583.3684210526316,640.0526315789474,613.5263157894736,-48.38157894736844,-26.526315789473756,-21.855263157894683
598,550.65,470.5882352941176,533.1111111111111,470.05263157894734,-80.06176470588235,-63.058479532163744,-17.00328517371861
599,693.9473684210526,677.4,695.2777777777778,746.9444444444445,-16.547368421052624,51.66666666666663,-68.21403508771925
602,567.3157894736842,537,603.05,550.2105263157895,-30.315789473684163,-52.839473684210475,22.523684210526312
607,754.8888888888889,683.6,730.421052631579,656.5882352941177,-71.28888888888889,-73.83281733746128,2.5439284485723874
611,770.7142857142857,789.1333333333333,811.8,859.7692307692307,18.41904761904766,47.96923076923076,-29.550183150183102
613,599.9444444444445,593.1578947368421,565.875,644.7368421052631,-6.786549707602376,78.86184210526312,-85.6483918128655
627,557,633.9285714285714,630.75,580.7777777777778,76.92857142857144,-49.97222222222217,126.90079365079362
630,503.05263157894734,494.6111111111111,478.3157894736842,501.44444444444446,-8.441520467836256,23.128654970760238,-31.570175438596493
633,465.10526315789474,463.65,478.95,449.4736842105263,-1.4552631578947626,-29.476315789473688,28.021052631578925
634,614.7777777777778,613.8333333333334,587.7333333333333,651.5294117647059,-0.9444444444444571,63.79607843137251,-64.74052287581696
635,573.15,519.5,567.8888888888889,600.25,-53.64999999999998,32.361111111111086,-86.01111111111106
637,522.9,525.35,566.7222222222222,466.5,2.4500000000000455,-100.22222222222217,102.67222222222222
639,690.9,639.1052631578947,648.8666666666667,669.7333333333333,-51.794736842105294,20.866666666666674,-72.66140350877197
642,682.1111111111111,761.7894736842105,635.2631578947369,706.5555555555555,79.67836257309943,71.29239766081866,8.38596491228077
643,528.2,531.45,565.7894736842105,589.8,3.25,24.010526315789434,-20.760526315789434
645,726.4444444444445,716.8888888888889,704.9,700.0625,-9.555555555555543,-4.837499999999977,-4.718055555555566
648,603.4736842105264,535.9473684210526,631.9473684210526,555.3,-67.52631578947376,-76.64736842105265,9.121052631578891
649,641.5555555555555,646.3157894736842,700.25,603.2777777777778,4.76023391812862,-96.97222222222217,101.73245614035079
650,647.9411764705883,637.7142857142857,630.7333333333333,575.6,-10.226890756302623,-55.133333333333326,44.9064425770307
651,601.3,568,594.7894736842105,560.7368421052631,-33.299999999999955,-34.0526315789474,0.7526315789474438
653,699.5714285714286,699.5,726.0625,697.5882352941177,-0.07142857142855519,-28.47426470588232,28.402836134453764
655,512.7,504.42105263157896,497.94736842105266,526.3333333333334,-8.278947368421086,28.385964912280713,-36.6649122807018
661,664.3529411764706,563.5263157894736,649.375,585.5,-100.82662538699697,-63.875,-36.951625386996966
668,564.6842105263158,538.5,519.9473684210526,595.2631578947369,-26.184210526315837,75.31578947368428,-101.50000000000011
669,668.1578947368421,633.0588235294117,699.0588235294117,732.8666666666667,-35.09907120743037,33.80784313725496,-68.90691434468533
670,702.3157894736842,712,709.1666666666666,667.875,9.684210526315837,-41.29166666666663,50.975877192982466
673,586.1052631578947,530.6315789473684,565.6666666666666,551.6842105263158,-55.473684210526244,-13.982456140350791,-41.49122807017545
675,683.3333333333334,719.9473684210526,668.3333333333334,664.5263157894736,36.61403508771923,-3.807017543859729,40.42105263157896
677,457.8421052631579,464.05263157894734,459.3157894736842,470.85,6.210526315789423,11.534210526315803,-5.32368421052638
680,618.7,601,651.1578947368421,629.1052631578947,-17.700000000000045,-22.0526315789474,4.352631578947353
681,544.6315789473684,510.1578947368421,501.2,512,-34.47368421052636,10.800000000000011,-45.27368421052637
684,588.8421052631579,698,692.2666666666667,555.7894736842105,109.15789473684208,-136.47719298245613,245.6350877192982
690,656.1666666666666,686.5294117647059,679.2105263157895,674.4705882352941,30.362745098039227,-4.739938080495335,35.10268317853456
691,632.2631578947369,566.6842105263158,585.8,544.8,-65.57894736842104,-41,-24.57894736842104
693,732.9333333333333,804.1875,782.0666666666667,710.6153846153846,71.25416666666672,-71.45128205128208,142.7054487179488
695,681.3157894736842,643.1666666666666,688.6,625.578947368421,-38.149122807017534,-63.02105263157898,24.871929824561448
696,485.27777777777777,456.1578947368421,470.25,465.89473684210526,-29.11988304093569,-4.35526315789474,-24.76461988304095
701,524.5263157894736,601.9473684210526,549.7,582.7368421052631,77.42105263157896,33.03684210526308,44.38421052631588
702,593.7368421052631,516.5,550.7894736842105,587.7777777777778,-77.23684210526312,36.98830409356731,-114.22514619883043
706,686.4736842105264,650.3157894736842,603.2222222222222,703.578947368421,-36.157894736842195,100.35672514619887,-136.51461988304106
707,691.25,699.2307692307693,737,686.4615384615385,7.980769230769283,-50.53846153846155,58.51923076923083
708,548.25,495.95,579.8,496.05555555555554,-52.30000000000001,-83.74444444444441,31.4444444444444
722,509.05,587.25,581,554.3157894736842,78.19999999999999,-26.684210526315837,104.88421052631583
724,531.9473684210526,519.45,540.55,532.85,-12.497368421052556,-7.699999999999932,-4.797368421052624
727,518.6111111111111,577.6,525.85,541.0526315789474,58.98888888888894,15.202631578947376,43.78625730994156
729,612.0625,604,607,604.9473684210526,-8.0625,-2.0526315789473983,-6.009868421052602
738,423.94444444444446,425.53333333333336,433.06666666666666,440.2142857142857,1.5888888888889028,7.1476190476190595,-5.558730158730157
744,552.75,575.2777777777778,603.1333333333333,557.25,22.52777777777783,-45.883333333333326,68.41111111111115
746,717.4736842105264,626.4736842105264,670.8421052631579,610.6,-91,-60.242105263157896,-30.757894736842104
747,618.578947368421,657.1764705882352,719.3157894736842,663.3,38.59752321981421,-56.01578947368421,94.61331269349841
749,781.5454545454545,670.7222222222222,723.2857142857143,640.4,-110.82323232323233,-82.88571428571436,-27.937518037517975
752,541.2,555.35,547.1764705882352,496.72222222222223,14.149999999999977,-50.45424836601302,64.604248366013
753,526.3333333333334,570.7368421052631,488.35,564.6666666666666,44.40350877192975,76.3166666666666,-31.913157894736855
757,492.8,493.94444444444446,514.35,502.94736842105266,1.1444444444444457,-11.402631578947364,12.54707602339181
758,726.8,653.1666666666666,700.4285714285714,633.7647058823529,-73.63333333333333,-66.66386554621852,-6.969467787114809
759,442.94117647058823,419.3888888888889,449.36842105263156,392.3888888888889,-23.552287581699318,-56.97953216374265,33.42724458204333
763,583.65,545.05,533.75,560.3684210526316,-38.60000000000002,26.61842105263156,-65.21842105263158
767,622.3333333333334,631.2631578947369,599.5882352941177,588.8333333333334,8.929824561403507,-10.75490196078431,19.684726522187816
769,554.1176470588235,537.15,548.8333333333334,542.7368421052631,-16.96764705882356,-6.096491228070249,-10.87115583075331
770,737.25,757.75,770.6666666666666,803,20.5,32.33333333333337,-11.833333333333371
771,660.8888888888889,707.9375,609.4,676.25,47.048611111111086,66.85000000000002,-19.801388888888937
775,600.7894736842105,597.8888888888889,621.8823529411765,539.3,-2.900584795321606,-82.58235294117651,79.6817681458549
776,455.1111111111111,460.27777777777777,453.6,443.8,5.166666666666686,-9.800000000000011,14.966666666666697
778,546.65,554.35,551.578947368421,581.3684210526316,7.7000000000000455,29.78947368421052,-22.089473684210475
779,680.2857142857143,769.375,833.8888888888889,702.7272727272727,89.08928571428567,-131.16161616161617,220.25090187590183
780,557.8,512.3888888888889,549.05,531.8421052631579,-45.41111111111104,-17.207894736842036,-28.203216374269005
782,492.36842105263156,528.3157894736842,511.47058823529414,524.4736842105264,35.9473684210526,13.003095975232213,22.94427244582039
783,533.55,508.85,526.6,481.9,-24.699999999999932,-44.700000000000045,20.000000000000114
786,610.6666666666666,598.95,575.7222222222222,595.2,-11.716666666666583,19.477777777777874,-31.194444444444457
787,558.7647058823529,622.8666666666667,629.7368421052631,617.8,64.10196078431375,-11.936842105263167,76.03880288957691
789,698.75,661.2941176470588,623.6470588235294,639.7333333333333,-37.45588235294122,16.086274509803957,-53.54215686274517
790,543.1666666666666,541.7777777777778,559.7058823529412,518.1,-1.3888888888888005,-41.605882352941194,40.21699346405239
791,524.85,536.3684210526316,529.8125,499.8,11.518421052631538,-30.01249999999999,41.53092105263153
792,574.7,502.8,600.6,501.4,-71.90000000000003,-99.20000000000005,27.30000000000001
796,630.2105263157895,708.6875,677.4285714285714,608.5294117647059,78.47697368421052,-68.89915966386559,147.3761333480761
800,661.7,755.0666666666667,629.0555555555555,709.0588235294117,93.36666666666667,80.00326797385617,13.363398692810506
801,555.85,521.75,544.25,530.8947368421053,-34.10000000000002,-13.355263157894683,-20.74473684210534
804,498.1578947368421,602.1111111111111,585.3684210526316,574.35,103.953216374269,-11.018421052631538,114.97163742690054
805,630.8947368421053,613.5555555555555,623.4736842105264,623.0588235294117,-17.339181286549774,-0.41486068111464647,-16.924320605435128
806,545.15,543.7222222222222,562.1052631578947,512.6,-1.4277777777778056,-49.50526315789466,48.077485380116855
807,538.578947368421,567.05,599.5,529.2,28.471052631578914,-70.29999999999995,98.77105263157887
808,499.65,503.05263157894734,476.3,482.8,3.4026315789473642,6.5,-3.0973684210526358
810,654.3333333333334,562.2,650.2222222222222,544.95,-92.13333333333333,-105.27222222222213,13.1388888888888
811,549.0588235294117,546.9230769230769,511.06666666666666,562.9230769230769,-2.1357466063348056,51.85641025641024,-53.99215686274505
812,728.6923076923077,620.0555555555555,721.7333333333333,602,-108.6367521367522,-119.73333333333335,11.096581196581155
813,691.6111111111111,576.2631578947369,665.7894736842105,670.1,-115.34795321637421,4.310526315789502,-119.65847953216371
821,640.6315789473684,628.4666666666667,641.8888888888889,611.4,-12.164912280701742,-30.488888888888937,18.323976608187195
822,752,681.5263157894736,757,667.9333333333333,-70.47368421052636,-89.06666666666672,18.592982456140362
828,587,564.05,596.4736842105264,597.8333333333334,-22.950000000000045,1.3596491228070136,-24.30964912280706
829,593.1176470588235,723.1875,575.7857142857143,596.0666666666667,130.06985294117646,20.280952380952385,109.78890056022408
830,630.6666666666666,551.1764705882352,604,557.8888888888889,-79.49019607843138,-46.111111111111086,-33.379084967320296
834,470.85714285714283,407.46153846153845,457,412.6,-63.39560439560438,-44.39999999999998,-18.995604395604403
838,445.6,474.3333333333333,473.70588235294116,447.29411764705884,28.73333333333329,-26.41176470588232,55.14509803921561
839,518.3684210526316,512.5,535.15,493.15,-5.868421052631561,-42,36.13157894736844
841,513.2631578947369,531,510.2,526,17.736842105263122,15.800000000000011,1.9368421052631106
842,581.8888888888889,607.0526315789474,580.6470588235294,610.2631578947369,25.163742690058484,29.616099071207486,-4.452356381149002
843,629.8823529411765,634.65,615.8421052631579,626.5625,4.767647058823513,10.720394736842081,-5.952747678018568
845,552.35,552.578947368421,530.8,568.5333333333333,0.22894736842101793,37.73333333333335,-37.50438596491233
847,569.05,511.45,552.2631578947369,546.85,-57.599999999999966,-5.413157894736855,-52.18684210526311
848,750.8888888888889,682.8888888888889,706.5294117647059,707.7894736842105,-68,1.2600619195046647,-69.26006191950466
851,523.55,546.6842105263158,515.4,527.15,23.134210526315883,11.75,11.384210526315883
855,496.8,498.3333333333333,542.4,496.75,1.533333333333303,-45.64999999999998,47.18333333333328
859,513.7777777777778,488.36842105263156,548.2631578947369,501.4,-25.409356725146267,-46.8631578947369,21.453801169590633
860,644.8235294117648,673.9,655.7222222222222,612.8333333333334,29.076470588235225,-42.8888888888888,71.96535947712403
862,458,462.5882352941176,496.05555555555554,444.7368421052632,4.588235294117624,-51.318713450292364,55.90694874440999
864,650.7647058823529,586.8235294117648,621.9,598.7058823529412,-63.941176470588175,-23.19411764705876,-40.747058823529414
868,631.2631578947369,618,615.4736842105264,592.15,-13.263157894736878,-23.32368421052638,10.060526315789502
870,608.4,537.3157894736842,556.8421052631579,581.25,-71.08421052631581,24.40789473684208,-95.4921052631579
876,584.8,531.3,576.7,528.8,-53.5,-47.90000000000009,-5.599999999999909
877,566.5625,650.421052631579,621.9375,596.9375,83.85855263157896,-25,108.85855263157896
878,530.7,488.75,493,525.5,-41.950000000000045,32.5,-74.45000000000005
880,728.3684210526316,735.1,736.7222222222222,742.5555555555555,6.731578947368462,5.833333333333371,0.8982456140350905
881,836.125,768.1818181818181,685.8571428571429,826.1666666666666,-67.94318181818187,140.30952380952374,-208.2527056277056
883,506.7368421052632,559.95,556.6,541.4,53.21315789473687,-15.200000000000045,68.41315789473691
884,583.4736842105264,544.0588235294117,531.6842105263158,511.4,-39.41486068111465,-20.28421052631586,-19.130650154798786
886,585.578947368421,587.1578947368421,560.4375,598.4,1.5789473684210407,37.96249999999998,-36.38355263157894
887,664.8823529411765,698.7857142857143,675.75,687.7368421052631,33.90336134453787,11.986842105263122,21.91651923927475
890,510,557,547.3684210526316,498.85,47,-48.51842105263154,95.51842105263154
893,481.15,451.5,491.3157894736842,462.7368421052632,-29.649999999999977,-28.57894736842104,-1.0710526315789366
894,607.2777777777778,589.3157894736842,573.8125,566.7894736842105,-17.961988304093666,-7.02302631578948,-10.938961988304186
896,627.95,546.3,582.8,564,-81.65000000000009,-18.799999999999955,-62.850000000000136
901,781,783.4666666666667,789,780.421052631579,2.466666666666697,-8.57894736842104,11.045614035087738
903,531.1875,612.421052631579,557.7647058823529,583.9230769230769,81.23355263157896,26.158371040723978,55.07518159085498
904,491.45,485.2631578947368,494.9,470.9,-6.1868421052631675,-24,17.813157894736833
905,706.1666666666666,703.2105263157895,633.2105263157895,742.7894736842105,-2.956140350877149,109.57894736842104,-112.53508771929819
907,NA,379.3333333333333,743,396.3333333333333,NA,-346.6666666666667,NA
908,660.3333333333334,599.2941176470588,655.2352941176471,597,-61.03921568627459,-58.23529411764707,-2.8039215686275156
909,646.6842105263158,605.1666666666666,628.0526315789474,643.8888888888889,-41.51754385964921,15.836257309941516,-57.353801169590724
911,527.5263157894736,504.94736842105266,559.35,488.3157894736842,-22.578947368420984,-71.0342105263158,48.45526315789482
913,654.5263157894736,673.4444444444445,638.625,665.55,18.918128654970815,26.924999999999955,-8.00687134502914
915,607.35,657.578947368421,641.3157894736842,665.7058823529412,50.22894736842102,24.390092879257054,25.838854489163964
919,598.7647058823529,630.2631578947369,643.5263157894736,614.85,31.49845201238395,-28.67631578947362,60.17476780185757
921,579.45,615.95,624.8,630.9444444444445,36.5,6.1444444444445026,30.355555555555497
923,612.8125,589.8947368421053,614.3684210526316,629.1875,-22.917763157894683,14.819078947368439,-37.73684210526312
931,506.75,514.7058823529412,528.85,505.4117647058824,7.955882352941217,-23.438235294117646,31.394117647058863
937,559.7894736842105,526,527.2,563.1052631578947,-33.78947368421052,35.90526315789464,-69.69473684210516
938,573.2105263157895,575.05,577.45,574.8947368421053,1.8394736842104749,-2.5552631578947285,4.394736842105203
942,706.6,685.0588235294117,699.4444444444445,706.75,-21.54117647058831,7.305555555555543,-28.846732026143854
943,476.45,467.75,552.55,471.4,-8.699999999999989,-81.14999999999998,72.44999999999999
947,527.1,595.1176470588235,558.3157894736842,628.0526315789474,68.01764705882351,69.73684210526324,-1.7191950464397223
948,585.1176470588235,574.7222222222222,517.2222222222222,582.5714285714286,-10.395424836601364,65.34920634920638,-75.74463118580775
949,622.1578947368421,598.6315789473684,650.8235294117648,590.5555555555555,-23.526315789473642,-60.26797385620921,36.74165806673557
951,635.3333333333334,558.9,595.25,631.85,-76.4333333333334,36.60000000000002,-113.03333333333342
954,562.3157894736842,547.15,547.35,579.35,-15.165789473684185,32,-47.165789473684185
957,544.6666666666666,556.6315789473684,584.2777777777778,582.45,11.96491228070181,-1.8277777777777828,13.792690058479593
958,594.6842105263158,610,605.3888888888889,529.6315789473684,15.315789473684163,-75.75730994152048,91.07309941520464
959,562.1764705882352,504.3333333333333,527.8,523.4705882352941,-57.84313725490193,-4.32941176470581,-53.51372549019612
961,691.6315789473684,599.1428571428571,672.8571428571429,611.9411764705883,-92.48872180451133,-60.9159663865546,-31.572755417956728
966,707,717.9230769230769,669.2666666666667,725.0714285714286,10.923076923076906,55.804761904761904,-44.881684981685
969,609.1666666666666,556.421052631579,605.15,673.2352941176471,-52.74561403508767,68.0852941176471,-120.83090815273476
970,607.9411764705883,601,583.8421052631579,616.55,-6.941176470588289,32.707894736842036,-39.649071207430325
971,546.8421052631579,451.95,502.36842105263156,494,-94.89210526315793,-8.368421052631561,-86.52368421052637
980,495.75,526.3,511.1,494.5,30.549999999999955,-16.600000000000023,47.14999999999998
983,526.6666666666666,533.5333333333333,571.0588235294117,571.125,6.866666666666674,0.0661764705882888,6.8004901960783855
988,528.95,549.578947368421,560.55,558.35,20.628947368420995,-2.199999999999932,22.828947368420927
989,403.8333333333333,449.1666666666667,504.3636363636364,374.55555555555554,45.33333333333337,-129.80808080808083,175.1414141414142
990,720.9333333333333,744.1578947368421,687.3529411764706,694.5714285714286,23.2245614035088,7.218487394957947,16.006074008550854
992,651.6666666666666,612.8823529411765,677.9444444444445,669.5555555555555,-38.784313725490165,-8.388888888888914,-30.39542483660125
994,610.2105263157895,568.2105263157895,584.9473684210526,591.2352941176471,-42,6.2879256965944705,-48.28792569659447
995,526.3,531.421052631579,577.75,528.7894736842105,5.121052631579005,-48.96052631578948,54.081578947368484
996,766.3888888888889,648.5714285714286,717.1111111111111,709.2352941176471,-117.81746031746036,-7.875816993464014,-109.94164332399635
1004,617.7,622.5,564.85,616.2631578947369,4.7999999999999545,51.413157894736855,-46.6131578947369
1007,808.75,863,700.5,811.625,54.25,111.125,-56.875
1013,591.7368421052631,541.0625,657.4117647058823,659.421052631579,-50.67434210526312,2.00928792569664,-52.68363003095976
1018,473,449.25,489.42105263157896,463.94736842105266,-23.75,-25.4736842105263,1.7236842105263008
1021,608.1,660.8421052631579,621.7894736842105,703.578947368421,52.742105263157896,81.78947368421052,-29.047368421052624
1025,653.8,638.1052631578947,596.75,587.4444444444445,-15.694736842105272,-9.305555555555543,-6.389181286549729
1027,584.1764705882352,577,636.3,563.45,-7.176470588235247,-72.84999999999991,65.67352941176466
1028,504.2,485.1,471.85,452.6,-19.099999999999966,-19.25,0.1500000000000341
1030,548.6842105263158,601.05,552,589.2222222222222,52.36578947368412,37.22222222222217,15.143567251461945
1031,628.3157894736842,620.6666666666666,608.1052631578947,534.6666666666666,-7.649122807017534,-73.43859649122805,65.78947368421052
1034,712.5,649.375,675.3333333333334,698.8666666666667,-63.125,23.533333333333303,-86.6583333333333
1037,598.7777777777778,576.2105263157895,618.8421052631579,521.2941176470588,-22.56725146198835,-97.54798761609914,74.98073615411079
1038,482.25,459.2631578947368,480.7,452.2631578947368,-22.98684210526318,-28.436842105263167,5.449999999999989
1041,609.6315789473684,621.3684210526316,600.3,608.2777777777778,11.736842105263122,7.977777777777874,3.759064327485248
1043,640.6,644.2,650.4736842105264,676,3.6000000000000227,25.526315789473642,-21.92631578947362
1045,508.42105263157896,441.1666666666667,520.4444444444445,485.8421052631579,-67.25438596491227,-34.60233918128654,-32.652046783625735
1047,684.8125,640,598.2857142857143,651.5,-44.8125,53.214285714285666,-98.02678571428567
1052,433.5,406.8888888888889,411.05263157894734,421.57894736842104,-26.611111111111086,10.5263157894737,-37.137426900584785
1057,642.3157894736842,637.2777777777778,663.9375,614.8333333333334,-5.038011695906334,-49.10416666666663,44.066154970760294
1058,557.3888888888889,572.8947368421053,553.45,551.4444444444445,15.505847953216403,-2.0055555555555884,17.51140350877199
1063,582.421052631579,553,557.35,522.2631578947369,-29.42105263157896,-35.086842105263145,5.665789473684185
1069,581.7,547.95,593.1,609.3684210526316,-33.75,16.26842105263154,-50.01842105263154
1075,506.95,478.7,466,455.52941176470586,-28.25,-10.470588235294144,-17.779411764705856
1078,584.2777777777778,535.6111111111111,538,578.2222222222222,-48.66666666666674,40.22222222222217,-88.88888888888891
1083,540.875,538.3,519.75,535,-2.5750000000000455,15.25,-17.825000000000045
1084,664.8333333333334,739.578947368421,728,676.7222222222222,74.74561403508767,-51.27777777777783,126.0233918128655
1089,453.85,500.5263157894737,442.4736842105263,478.7368421052632,46.676315789473676,36.26315789473688,10.413157894736798
1090,672.4117647058823,666.8333333333334,673.4117647058823,685.85,-5.578431372548948,12.438235294117703,-18.01666666666665
1093,622.3157894736842,577.05,594.05,605.85,-45.26578947368421,11.800000000000068,-57.065789473684276
1095,688.8888888888889,709.8,651.4117647058823,733.2666666666667,20.91111111111104,81.85490196078433,-60.94379084967329
1097,670.1052631578947,592.875,675.4375,625.7368421052631,-77.23026315789468,-49.70065789473688,-27.529605263157805
1098,515.2,518.95,549.1578947368421,504.6,3.75,-44.55789473684206,48.30789473684206
1102,498,508.6,511,505.2631578947368,10.600000000000023,-5.736842105263179,16.3368421052632
1104,573.9444444444445,606.25,596.0526315789474,660.4285714285714,32.30555555555554,64.37593984962405,-32.070384294068504
1105,577.1,592.6,547.9,637.3888888888889,15.5,89.48888888888894,-73.98888888888894
1107,591,505.1,545.6111111111111,550.2777777777778,-85.89999999999998,4.6666666666667425,-90.56666666666672
1112,550.4444444444445,536.1,593,527.3157894736842,-14.344444444444434,-65.68421052631584,51.3397660818714
1118,555.85,577.15,577.4,577.421052631579,21.299999999999955,0.021052631578982073,21.278947368420972
1119,745.1,701.375,703,823,-43.72500000000002,120,-163.72500000000002
1126,637.05,570.95,605.1111111111111,561.55,-66.09999999999991,-43.56111111111113,-22.538888888888778
1131,590.1764705882352,569.6470588235294,635.5263157894736,572.2222222222222,-20.529411764705856,-63.30409356725147,42.774681802545615
1132,419.1,443.9,441.6875,457.55,24.799999999999955,15.862500000000011,8.937499999999943
1136,552.25,616.6,533.7,639.1578947368421,64.35000000000002,105.45789473684204,-41.10789473684201
1138,596.6666666666666,592.6111111111111,602.2105263157895,600.3333333333334,-4.055555555555543,-1.8771929824561084,-2.1783625730994345
1144,585.35,590.3684210526316,576.3333333333334,595.1,5.018421052631538,18.76666666666665,-13.748245614035113
1145,567.5,599.15,574.8,627.25,31.649999999999977,52.450000000000045,-20.800000000000068
1149,622.5263157894736,541.15,616.05,542.25,-81.37631578947367,-73.79999999999995,-7.5763157894737105
1156,634.15,662.3125,651.3571428571429,642.6470588235294,28.162500000000023,-8.710084033613498,36.87258403361352
1157,541.4736842105264,521.45,543.1,567.95,-20.023684210526312,24.850000000000023,-44.873684210526335
1162,779.578947368421,885.1875,791.5,847.5333333333333,105.60855263157896,56.0333333333333,49.575219298245656
1165,575.6666666666666,496.25,468.6,563.1666666666666,-79.41666666666663,94.5666666666666,-173.98333333333323
1174,549.8947368421053,522.15,469.75,552.1052631578947,-27.74473684210534,82.35526315789468,-110.10000000000002
1175,578.578947368421,536.1,542.578947368421,514.4,-42.47894736842102,-28.178947368421063,-14.299999999999955
1178,538.6666666666666,555.3157894736842,514.578947368421,541.625,16.649122807017534,27.04605263157896,-10.396929824561425
1180,765,734.1764705882352,745.1333333333333,787.9411764705883,-30.823529411764753,42.80784313725496,-73.63137254901972
1184,489.55,485.35,512.6315789473684,504.1578947368421,-4.199999999999989,-8.473684210526358,4.273684210526369
1188,646,634.6470588235294,636.75,651.3333333333334,-11.352941176470608,14.583333333333371,-25.93627450980398
1191,650.5263157894736,666.9473684210526,715.7222222222222,697.2941176470588,16.42105263157896,-18.42810457516339,34.84915720674235
1195,493.8,495.45,507.94736842105266,544.05,1.6499999999999773,36.102631578947296,-34.45263157894732
1197,434.94736842105266,413.1,425.2631578947368,408.10526315789474,-21.847368421052636,-17.15789473684208,-4.689473684210554
1199,598.6315789473684,617.85,635.5882352941177,589.5,19.218421052631584,-46.08823529411768,65.30665634674926
1201,552.3333333333334,613.6842105263158,569.9,517.3157894736842,61.350877192982466,-52.584210526315815,113.93508771929828
1210,718.875,706.5882352941177,683.2857142857143,730.3529411764706,-12.28676470588232,47.067226890756274,-59.35399159663859
1211,448.05882352941177,466.8235294117647,485.6470588235294,467.05263157894734,18.764705882352928,-18.59442724458205,37.35913312693498
1212,719.8888888888889,711.1111111111111,763.2941176470588,659.15,-8.777777777777828,-104.1441176470588,95.36633986928098
1213,601.7058823529412,635.25,599.5333333333333,577.7647058823529,33.54411764705878,-21.768627450980375,55.31274509803916
1215,603.5263157894736,565.7777777777778,579.421052631579,619.7777777777778,-37.748538011695814,40.35672514619887,-78.10526315789468
1216,729.1333333333333,664.875,750.4444444444445,675.05,-64.25833333333333,-75.3944444444445,11.136111111111177
1217,526.6,483.65,538,592.6111111111111,-42.950000000000045,54.611111111111086,-97.56111111111113
1222,470.45,506.3157894736842,467.42105263157896,491.47058823529414,35.86578947368423,24.049535603715185,11.816253869969046
1226,667,573.1176470588235,617.2666666666667,592.75,-93.88235294117646,-24.51666666666665,-69.36568627450981
1230,658,651.6315789473684,671.5294117647059,648.2631578947369,-6.368421052631561,-23.266253869968978,16.897832817337417
1237,554.75,504.2,545.3,559.421052631579,-50.55000000000001,14.121052631579005,-64.67105263157902
1238,603.45,669.8333333333334,653.6875,678.9444444444445,66.38333333333333,25.256944444444457,41.12638888888887
1240,719,856.6666666666666,898,913,137.66666666666663,15,122.66666666666663
1242,607.7777777777778,568.3157894736842,564.7,549.1052631578947,-39.461988304093666,-15.594736842105362,-23.867251461988303
1244,530.4736842105264,525.6666666666666,543.7777777777778,522.4,-4.807017543859729,-21.37777777777785,16.570760233918122
1245,540.9444444444445,523.8,516.7647058823529,557.05,-17.144444444444503,40.28529411764703,-57.42973856209153
1246,599.5294117647059,582.0526315789474,588.4,512.3157894736842,-17.476780185758457,-76.08421052631581,58.60743034055736
1249,439.5,431.8,425,428.7894736842105,-7.699999999999989,3.7894736842105203,-11.489473684210509
1250,478.1578947368421,439.25,481.6842105263158,493.9,-38.90789473684208,12.215789473684197,-51.12368421052628
1253,740.3684210526316,668.421052631579,707.6111111111111,676.3684210526316,-71.9473684210526,-31.242690058479525,-40.70467836257308
1254,550.3684210526316,566.3333333333334,561.05,563.8,15.96491228070181,2.75,13.21491228070181
1257,647.65,674.6842105263158,605.7894736842105,583.1666666666666,27.03421052631586,-22.62280701754389,49.65701754385975
1258,648.2777777777778,641.7,689.421052631579,635,-6.577777777777783,-54.42105263157896,47.84327485380118
1259,585.4444444444445,542.7894736842105,569.8235294117648,555.5263157894736,-42.65497076023394,-14.29721362229111,-28.357757137942826
1260,663.6875,669.8888888888889,666.0666666666667,618.75,6.201388888888914,-47.31666666666672,53.518055555555634
